dataset,model,seed,uniform_auprc,hard_auprc,uniform_auroc,hard_auroc,f1_tau,tau_star,best_val_auprc,method
GDI,skipgnn,42,0.9346166851360354,0.7251605748044192,0.9251935705215002,0.7073013847571827,0.859895352416128,0.36999999999999994,0.9327603889135321,
GDI,skipgnn,123,0.9310293270787191,0.705516523432099,0.9177046570455052,0.6934761169067092,0.8600136029184443,0.4799999999999999,0.9288499772736898,
GDI,skipgnn,7,0.9345231322051772,0.7259456072601318,0.9248532726709212,0.7104162965047739,0.8581160587105964,0.30999999999999994,0.9334263073710091,
GDI,ams,42,0.9507829753510643,0.8414326318602321,0.9349114915995531,0.832145234157945,0.8885444999683725,0.6699999999999999,0.9486836111952647,
GDI,ams,123,0.9519033375685155,0.8322436533093515,0.9355279276666028,0.8225541874383142,0.8877234498417064,0.33999999999999997,0.9497870467263954,
GDI,ams,7,0.9512546738175441,0.8287246195898528,0.9345708327130717,0.8228913437901173,0.8863220349681247,0.3499999999999999,0.9506371384061103,
GDI,heuristic,42,0.917412756808293,0.8417388279292857,0.9051590915554013,0.8167499950936078,,,,resource_allocation
GDI,heuristic,123,0.917412756808293,0.8427204265536646,0.9051590915554013,0.8167858824319059,,,,resource_allocation
GDI,heuristic,7,0.917412756808293,0.8419804289705792,0.9051590915554013,0.815200520581681,,,,resource_allocation
